{
  "config": {
    "loadConfig": false,
    "link": "./data.json"
  },
  "search_hints": [
    "Sử dụng dấu * đại diện cho một chuỗi số",
    "Để tìm sim bắt đầu bằng 098, quý khách nhập vào 098*",
    "Để tìm sim kết thúc bằng 888, quý khách nhập vào *888",
    "Để tìm sim bắt đầu bằng 098 và kết thúc bằng 888, quý khách nhập vào 098*888",
    "Để tìm sim bên trong có số 888, quý khách nhập vào 888"
  ],
  "phone_number": "098.776.2233",
  "items": [{
      "id": 1,
      "title": "siêu rẻ",
      "icon": "./assets/icon/viettel-trasau-icon-2.png",
      "subtitle": "Chỉ từ",
      "textbold": "100đ/phút",
      "description": "Combo thoại + data siêu tiết kiệm lên tới 20%"
    },
    {
      "id": 2,

      "title": "ưu đãi",
      "icon": "./assets/icon/viettel-trasau-icon-1.png",
      "subtitle": "Giao hàng tại nhà",
      "textbold": "miễn phí",
      "description": "Chọn SIM số đẹp 10 số"
    },
    {
      "id": 3,
      "title": "tiện lợi",
      "icon": "./assets/icon/viettel-trasau-icon-3.png",
      "subtitle": "Dùng trước thanh toán sau",
      "textbold": "hòa mạng đơn giản",
      "description": "- Cửa hàng viettel - <br> - Ứng dụng My Viettel - <br> - https://cuahangviettel.vn -"
    },
    {
      "id": 4,
      "title": "linh hoạt",
      "icon": "./assets/icon/viettel-trasau-icon-4.png",
      "subtitle": "Dễ dàng",
      "textbold": "thanh toán",
      "description": "- Thẻ cào viettel - <br> - Qua BankPlus Viettel Pay - <br> - Internet banking - <br> - Tới cửa hàng viettel -"
    }
  ],
  "subtitle_gc": "(*) Miễn phí thuê bao tháng + Cam kết sử dụng tối thiểu 12 tháng",
  "hinhthuc": [{
      "id": 1,
      "name": "mua sim trả sau mới",
      "description": "Mua sim mới hoà mạng trả sau",
      "icon": "./assets/imgs/viettel-trasau-icon-5.png"
    },
    {
      "id": 2,
      "name": "chuyển sang gói trả sau",
      "description": "Giữ số - chuyển đổi sang gói KM trả sau",
      "icon": "./assets/imgs/viettel-trasau-icon-6.png"
    }
  ],
  "goicuoc": "./assets/data/ds_goicuoc.json",
  "sims": "./assets/data/ds_sim.json",
  "bg_url": "./assets/imgs/viettel_trasau_01.jpg",
  "text_url": "./assets/imgs/viettel_trasau_03.png",
  "config_server_email": {
    "email_receive": "kunlyblack@gmail.com",
    "email_sender": "cuahangviettel.vn@gmail.com",
    "smtp_server": "smtp.gmail.com",
    "username": "cuahangviettel.vn@gmail.com",
    "password": "eknpglqnwzyydbur"
  },
  "phi_chuyen_doi": "25,000 đ",
  "phi_dang_ky": "60,000 đ"
}
