{
    "ds_goicuoc": [
        {
            "id": "T150",
            "name": "T150",
            "description": "call-1000 phút nội mạng\ncall-100 phút ngoại mạng + quốc tế",
            "price": "150"
        },
        {
            "id": "B150",
            "name": "B150",
            "description": "call-1000 phút nội mạng\nwifi-5GB data",
            "price": "150"
        },
        {
            "id": "B250",
            "name": "B250",
            "description": "call-Miễn phí 60 phút đầu tiên/cuộc\nwifi-10GB data\nsms-50 sms nội mạng",
            "price": "250"
        },
        {
            "id": "B250X",
            "name": "B250X",
            "description": "call-Miễn phí 60 phút đầu tiên/cuộc\ncall-100 phút ngoại mạng + quốc tế\nwifi-5GB data\nsms-50 sms nội mạng",
            "price": "250"
        },
        {
            "id": "B400",
            "name": "B400",
            "description": "call-Miễn phí 60 phút đầu tiên/cuộc\ncall-100 phút ngoại mạng + quốc tế\nwifi-15GB data\nsms-100 sms nội mạng",
            "price": "400"
        },
        {
            "id": "B500",
            "name": "B500",
            "description": "call-Miễn phí 60 phút đầu tiên/cuộc\ncall-200 phút ngoại mạng + quốc tế\nwifi-30GB data\nsms-200 sms nội mạng",
            "price": "500"
        },
        {
            "id": "B700",
            "name": "B700",
            "description": "call-Miễn phí 60 phút đầu tiên/cuộc\ncall-300 phút ngoại mạng + quốc tế\nwifi-15GB data\nsms-300 sms nội mạng",
            "price": "700"
        },
        {
            "id": "B1000",
            "name": "B1000",
            "description": "call-Miễn phí 60 phút đầu tiên/cuộc\ncall-500 phút ngoại mạng + quốc tế\nwifi-30GB data\nsms-500 sms trong nước",
            "price": "1000"
        }
    ]
}