{
  "search_hints": [
    "Sử dụng dấu * đại diện cho một chuỗi số",
    "Để tìm sim bắt đầu bằng 098, quý khách nhập vào 098*",
    "Để tìm sim kết thúc bằng 888, quý khách nhập vào *888",
    "Để tìm sim bắt đầu bằng 098 và kết thúc bằng 888, quý khách nhập vào 098*888",
    "Để tìm sim bên trong có số 888, quý khách nhập vào 888"
  ],
  "phone_number": "096.2018.555",
  "items": [{
      "title": "siêu rẻ",
      "icon": "viettel-call",
      "subtitle": "Chỉ từ",
      "textbold": "100đ/phút",
      "description": "Combo thoại + data siêu tiết kiệm lên tới 20%"
    },
    {
      "title": "ưu đãi",
      "icon": "viettel-home",
      "subtitle": "Giao hàng tại nhà",
      "textbold": "miễn phí",
      "description": "Chọn SIM số đẹp 10 số"
    },
    {
      "title": "tiện lợi",
      "icon": "viettel-money",
      "subtitle": "Dùng trước thanh toán sau",
      "textbold": "hòa mạng đơn giản",
      "description": "- 096.2018.555 - <br> - Cửa hàng viettel - <br> - Ứng dụng My Viettel - <br> - www.shop.viettel.vn -"
    },
    {
      "title": "linh hoạt",
      "icon": "viettel-payment",
      "subtitle": "Dễ dàng",
      "textbold": "thanh toán",
      "description": "- Thẻ cào viettel - <br> - Qua BankPlus Viettel Pay - <br> - Internet banking - <br> - Tới cửa hàng viettel -"
    }
  ],
  "subtitle_gc": "(*) Miễn phí thuê bao tháng + Cam kết sử dụng tối thiểu 12 tháng",
  "hinhthuc": [{
      "id": 1,
      "name": "mua sim trả sau mới",
      "description": "Mua sim mới hoà mạng trả sau",
      "icon": "./assets/imgs/viettel-trasau-icon-5.png"
    },
    {
      "id": 2,
      "name": "chuyển sang gói trả sau",
      "description": "Giữ số - chuyển đổi sang gói KM trả sau",
      "icon": "./assets/imgs/viettel-trasau-icon-6.png"
    }
  ],
  "goicuoc": "https://audioyy.com/trasau/ds_goicuoc.json",
  "sims": "https://audioyy.com/trasau/ds_sim.json",
  "bg_url": "./assets/imgs/viettel_trasau_01.jpg",
  "text_url": "./assets/imgs/viettel_trasau_03.png"
}
