{
  "ds_sim": [{
      "id": "865450415",
      "simNumber": "865450415",
      "price": "60000",
      "time": "0"
    },
    {
      "id": "865263843",
      "simNumber": "865263843",
      "price": "60000",
      "time": "0"
    },
    {
      "id": "865360516",
      "simNumber": "865360516",
      "price": "60000",
      "time": "0"
    },
    {
      "id": "865413904",
      "simNumber": "865413904",
      "price": "60000",
      "time": "0"
    },
    {
      "id": "865413029",
      "simNumber": "865413029",
      "price": "60000",
      "time": "0"
    },
    {
      "id": "865596674",
      "simNumber": "865596674",
      "price": "60000",
      "time": "0"
    },
    {
      "id": "865546391",
      "simNumber": "865546391",
      "price": "60000",
      "time": "0"
    },
    {
      "id": "865608048",
      "simNumber": "865608048",
      "price": "60000",
      "time": "0"
    },
    {
      "id": "865651482",
      "simNumber": "865651482",
      "price": "60000",
      "time": "0"
    },
    {
      "id": "865224914",
      "simNumber": "865224914",
      "price": "60000",
      "time": "0"
    },
    {
      "id": "865451022",
      "simNumber": "865451022",
      "price": "60000",
      "time": "0"
    },
    {
      "id": "865364928",
      "simNumber": "865364928",
      "price": "60000",
      "time": "0"
    },
    {
      "id": "865594504",
      "simNumber": "865594504",
      "price": "60000",
      "time": "0"
    },
    {
      "id": "865492937",
      "simNumber": "865492937",
      "price": "60000",
      "time": "0"
    },
    {
      "id": "865448531",
      "simNumber": "865448531",
      "price": "60000",
      "time": "0"
    },
    {
      "id": "865622932",
      "simNumber": "865622932",
      "price": "60000",
      "time": "0"
    }
  ]
}
